{"cameraMode":{"drawMode":0,"name":"Shaded","section":"Shading Mode"},"sceneLighting":true,"audioPlay":false,"sceneViewState":{"showFog":true,"showMaterialUpdate":true,"showSkybox":true,"showFlares":true,"showImageEffects":true,"showParticleSystems":true},"in2DMode":false,"pivot":{"x":-0.13403159379959107,"y":-16.05743408203125,"z":11.057479858398438},"rotation":{"x":0.00283767469227314,"y":0.9314611554145813,"z":-0.36375728249549868,"w":0.00726631935685873},"size":83.39555358886719,"orthographic":false}